,price,total_volume,market_cap,time
0,1.000650588888066,872764.2021398307,1437645.8836350194,1574121600000.0
1,0.9954110116644868,4841468.549062504,6945898.406513857,1574208000000.0
2,0.9915908692454622,1007819.5278591164,8989928.0137391,1574294400000.0
3,0.9911021228250846,3679539.548076001,12494872.076604951,1574380800000.0
4,0.9928500446120052,7201905.087479217,14391748.48660892,1574467200000.0
5,0.9821199130342256,2071655.1111188007,14697564.657745376,1574553600000.0
6,0.927535960047834,836399.0027745706,13934943.346314434,1574640000000.0
7,0.9888113589915056,3671209.942193888,16428649.463907205,1574726400000.0
8,0.9477039994203292,897874.3237497372,15787652.136815354,1574812800000.0
9,0.9797532303288976,2005150.804457474,15754951.873730391,1574899200000.0
10,0.9736842827784652,1759859.2756764512,17766421.873473242,1574985600000.0
11,0.9823796549629766,1436978.7356604622,19067967.22768785,1575072000000.0
12,0.947958034819108,651692.5755483737,19116829.497572385,1575158400000.0
13,0.9692867758753012,1149947.991171052,21270234.563937634,1575244800000.0
14,0.9931722472225812,818646.2523035532,38514746.91648468,1575331200000.0
15,0.976219666964612,1887706.862708578,44117485.146808125,1575417600000.0
16,0.978063576046384,2453374.971828814,44886458.61735102,1575504000000.0
17,0.976638858151098,1977848.03572788,44188406.22736558,1575590400000.0
18,0.972668864128318,1443318.7343332556,45391888.53901079,1575676800000.0
19,0.9687596124111794,1271166.6818732582,43444916.85219919,1575763200000.0
20,0.9757126757054998,2284894.459528293,44686580.56870687,1575849600000.0
21,0.974366814543994,1534918.4176092234,43778795.94907159,1575936000000.0
22,0.9734734853699696,2082162.2457790363,43609646.342096776,1576022400000.0
23,1.0000402732386735,2090124.0980966105,45574452.93901587,1576108800000.0
24,0.9990270572914368,1867357.013060077,46033530.19020713,1576195200000.0
25,1.004506003321739,1798362.05988889,46718171.34740256,1576281600000.0
26,0.9990879396642474,975343.3900797946,46326305.22269202,1576368000000.0
27,0.9953315678455208,957532.317483498,46347768.93292016,1576454400000.0
28,1.0041174272867668,3879180.875625977,49236345.7379027,1576540800000.0
29,1.0035311834668823,7233458.315494598,48052481.54799645,1576627200000.0
30,1.001236941108159,6198504.735420286,47881989.88029857,1576713600000.0
31,1.0001195264392,3429995.3243701984,49258774.42647197,1576800000000.0
32,0.9972592645057584,2388440.3057888565,43779851.32934509,1576886400000.0
33,0.9657993233443856,1500841.0057786622,42462708.54012666,1576972800000.0
34,0.9830352782570828,1937175.8553383648,43319642.21257976,1577059200000.0
35,0.983442785117267,3499497.733099163,43197962.1501458,1577145600000.0
36,0.9790040930548112,2248938.1501088548,42876969.875245765,1577232000000.0
37,0.972730612932524,1738527.803403037,42013812.036031455,1577318400000.0
38,0.9742495283691848,1826210.434934344,41216496.643668175,1577404800000.0
39,0.9744770865407592,1753946.8315831083,41140003.28390296,1577491200000.0
40,0.9720845376983496,1733528.0714703307,41312458.13496491,1577577600000.0
41,0.9845264335517296,3835350.372952979,42217539.83942108,1577664000000.0
42,0.9818932700387748,2907183.7825299567,41570453.64757815,1577750400000.0
43,0.9818469907264622,2779679.3967009764,41778474.810325526,1577836800000.0
44,0.9726058008924008,1566522.3145138372,41083185.19094878,1577923200000.0
45,0.978826383556656,2235376.3582284222,41278022.17395978,1578009600000.0
46,0.98787714642571,3414141.9805833204,42581602.14223324,1578096000000.0
47,0.970133742675622,1521153.0986598108,41388590.59059867,1578182400000.0
48,0.9811010361823272,2919902.3818726283,41935818.1392408,1578268800000.0
49,0.99868002674042,5109722.516281013,44894739.59065128,1578355200000.0
50,0.9956359758022524,6108257.628055667,47168618.15644877,1578441600000.0
51,1.0004055374300225,7981251.222468805,46123776.55402997,1578528000000.0
52,1.0027315646284447,3935702.4269713294,46010555.08001339,1578614400000.0
53,1.0066311782430477,2988226.143551149,83329194.30009556,1578700800000.0
54,0.9946082949190382,1966588.731925116,83101741.42074405,1578787200000.0
55,1.0011028036381404,2419176.745327148,84458742.08336683,1578873600000.0
56,0.9930822014257256,2738414.547760363,85495814.02138372,1578960000000.0
57,1.003530723355194,9898331.849913538,87284468.50076805,1579046400000.0
58,0.9971617186713292,5644528.670003947,87663675.27361801,1579132800000.0
59,0.9961147216136392,4790908.026606358,89222338.63485347,1579219200000.0
60,0.9926702410381792,7439069.8992333,94452683.0623559,1579305600000.0
61,0.9908555390638012,6133686.181965463,95750977.341536,1579392000000.0
62,0.996875695797804,5800830.511168848,96638682.17044409,1579478400000.0
63,0.9933925837295968,4114745.5660271687,97204215.87515493,1579564800000.0
64,0.9936940350326487,3430258.296101304,98675239.9516217,1579651200000.0
65,0.9944358105287344,3209771.9536121367,99973323.17849432,1579737600000.0
66,1.0015289410530894,3727158.688087021,100642563.13049892,1579824000000.0
67,0.9970788904190244,4047289.991191796,101217363.230205,1579910400000.0
68,0.9969064316551488,1654865.9000527794,101589117.75428416,1579996800000.0
69,1.003130551775534,2110100.050776964,102572368.2832092,1580083200000.0
70,0.9985682257719072,5912156.947658173,103533895.38618834,1580169600000.0
71,1.006833924532294,5889566.450756087,105889812.14565244,1580256000000.0
72,0.9950014015342008,4343116.008701769,105739484.0090496,1580342400000.0
73,0.9964017842515548,6091137.976753929,107294604.3455077,1580428800000.0
74,0.9957237797993544,4083281.710022927,107092084.61306506,1580515200000.0
75,0.9952900349470036,2919913.910995398,107414287.24037214,1580601600000.0
76,0.9974633291392077,6492993.8202920975,106714941.97582336,1580688000000.0
77,0.9973003461706084,5686633.825617219,107667359.5035272,1580774400000.0
78,1.002104738554442,4712431.980409517,110469099.30394427,1580860800000.0
79,0.995050120683076,8969054.245613642,111404177.02940492,1580947200000.0
80,1.0028798373478325,10251945.492562842,112357810.3664574,1581033600000.0
81,1.0054763464136691,7367958.489540015,113742950.36056434,1581120000000.0
82,0.9981917093287868,9407195.511404997,113854708.2034847,1581206400000.0
83,1.0028573170706314,10694917.609953318,115593622.08550976,1581292800000.0
84,1.0002149214245852,7763094.070453152,115780845.51222605,1581379200000.0
85,0.9970840129115716,12754824.403345698,116713432.18182547,1581465600000.0
86,1.0012318652404082,23368510.43863969,118237904.59823067,1581552000000.0
87,1.001626403630098,15127463.223529406,121852077.59133922,1581638400000.0
88,0.998321032294646,11442067.98246854,123258195.23984866,1581724800000.0
89,0.9913101288376104,14384586.710372958,124365747.5669735,1581811200000.0
90,0.99461967445392,8777179.546953732,126511838.39251123,1581897600000.0
91,1.0033610480322328,16794576.476204652,125802104.78200884,1581984000000.0
92,0.9980721630528708,11894163.604098914,121601576.73523311,1582070400000.0
93,0.9951789367526032,8456432.798489302,119343202.26409604,1582156800000.0
94,0.9955517639844425,8964512.860847602,119994841.4077274,1582243200000.0
95,0.99937911484284,4538406.9420609325,120669545.82334404,1582329600000.0
96,0.9982416017938768,4285597.834427913,119999879.6766612,1582416000000.0
97,0.9996778157989938,4692679.321476996,121265667.2423385,1582502400000.0
98,1.0016255128311655,7347148.1113532195,122221847.68163554,1582588800000.0
99,1.001670119768202,11471020.416794855,124333572.22642156,1582675200000.0
100,1.000658651642255,31119136.59702649,122816784.24678782,1582761600000.0
101,1.0055549726342838,29349030.7595194,122762632.1099471,1582848000000.0
102,1.0062604153398125,14583954.013365462,120359117.12014689,1582934400000.0
103,1.0017612588415212,5834319.752404206,119609005.93040194,1583020800000.0
104,1.0157610473297969,14291833.671958853,118898199.0078139,1583107200000.0
105,1.0013303419976691,10902489.187577983,117598592.49232955,1583193600000.0
106,1.0005239678898248,6393198.157259296,118062741.86893427,1583280000000.0
107,1.0011585884975858,3526124.994409472,118091309.22448184,1583366400000.0
108,1.0018665661856252,8438207.784140307,117956144.91908818,1583452800000.0
109,1.0009370617587134,8209675.878863427,121583102.75306728,1583539200000.0
110,1.0011100918922584,7118773.757322247,122124689.81473872,1583625600000.0
111,0.999634001400076,16676320.024063231,119868152.90353055,1583712000000.0
112,1.0133454590832365,34679560.32810213,120616081.0191986,1583798400000.0
113,1.0035791583102287,13426474.807645634,119504802.9923777,1583884800000.0
114,1.028993670663757,18199936.30030492,120666966.2635164,1583971200000.0
115,1.0585118673161018,73262150.556962,113644743.1967267,1584057600000.0
116,1.0221261501217984,75311471.2213296,99870494.32027704,1584144000000.0
117,1.033895948959994,22809719.813322768,97374033.90008263,1584230400000.0
118,1.0360321010623947,33066128.964276336,99441931.96500084,1584316800000.0
119,1.0425820781716553,37549313.94390234,94982374.33248898,1584403200000.0
120,1.0211502331022064,12835991.647714913,92513457.80079806,1584489600000.0
121,1.019791337590752,10859932.106435493,95234501.65493491,1584576000000.0
122,1.0216763101118604,15668620.662544277,82433487.93312806,1584662400000.0
123,1.0270024382553724,20975351.658401147,85363929.54314758,1584748800000.0
124,1.0158880378233444,7404150.717139566,84357671.64803812,1584835200000.0
125,1.0230456487018709,5713513.596223619,83248499.82178488,1584921600000.0
126,1.0345524436413382,12515427.819627758,83487153.15812723,1585008000000.0
127,1.028259456308768,9009069.320606545,84073256.11515568,1585094400000.0
128,1.0234829854420586,6331908.647759249,83080450.09868547,1585180800000.0
129,1.022168142467542,11517548.212092632,83803875.24578273,1585267200000.0
130,1.0158260627511206,8527226.71388399,82564357.44305213,1585353600000.0
131,1.0232830596300926,8322417.042930316,83783726.44999662,1585440000000.0
132,1.0288726162454438,4190198.392805609,83645143.84669583,1585526400000.0
133,1.011618462830379,7177832.669057395,83014572.9706177,1585612800000.0
134,1.0146732672736998,6438768.006181488,84604916.28342433,1585699200000.0
135,1.0276849750534407,3102351.4064354617,85377599.02522989,1585785600000.0
136,1.0162269655553686,8057718.951111519,87174649.33655205,1585872000000.0
137,1.01660695117564,5585931.183703878,87736192.35390392,1585958400000.0
138,1.0077521233098292,4039833.234421516,87798252.04791698,1586044800000.0
139,1.0141018257696253,1848219.775190615,87512092.50721036,1586131200000.0
140,1.0132309738366407,14066694.22422243,87837561.8238634,1586217600000.0
141,1.0355420371733384,22863660.077947088,82750899.6185503,1586304000000.0
142,1.020983587133946,8502651.648283442,81205780.97833264,1586390400000.0
143,1.0194914502089116,4962892.974782187,81806776.9747962,1586476800000.0
144,1.0167789006981156,9139874.34662122,81417142.97538565,1586563200000.0
145,1.0226139807441217,4425484.074323714,82301197.26202875,1586649600000.0
146,1.0103706554038494,5217434.318751715,81588951.96078049,1586736000000.0
147,1.0202875389667505,4488192.758769767,81930549.92481373,1586822400000.0
148,1.0185738531728372,3918795.342901044,81971474.7621311,1586908800000.0
149,1.0156976981885215,4884124.519263727,82443814.17918995,1586995200000.0
150,1.0280919317711896,11556873.948543988,83107753.70619087,1587081600000.0
151,1.018614741290811,4913084.616867657,82938248.99037026,1587168000000.0
152,1.0183649932705614,7373015.761029327,85096331.35155188,1587254400000.0
153,1.012430541962875,12513345.136391478,88395292.67896853,1587340800000.0
154,1.0154811227756186,12757312.637916615,89671208.62946357,1587427200000.0
155,1.0116988778440363,7608355.026213778,90443235.15227865,1587513600000.0
156,1.0155935815041803,6682593.018190058,91076089.11121702,1587600000000.0
157,1.0112255175327485,16259294.2073881,94361062.13486812,1587686400000.0
158,1.0121260250483015,5319683.917357127,96484374.24842684,1587772800000.0
159,1.0123060272360334,6372353.245425348,97159438.44319566,1587859200000.0
160,1.0081031838112955,6309717.574339675,97931890.0610497,1587945600000.0
161,1.0146647767899108,59335945.73923325,98193616.58432366,1588032000000.0
162,1.0107295147449078,61764084.49019904,98373949.97019994,1588118400000.0
163,1.008369227626776,80147458.31109305,101018885.91953856,1588204800000.0
164,1.015752335959503,82546533.94468535,101749293.0265788,1588291200000.0
165,1.0171769742808865,71097446.58780056,100358351.38636166,1588377600000.0
166,1.0130946479482006,67536012.82142363,108999255.71291386,1588464000000.0
167,1.0080986160689491,79134724.35643825,111837515.80950212,1588550400000.0
168,1.005338744686422,82496684.75223292,111891118.40861142,1588636800000.0
169,1.006057163618849,69274086.17292473,112363389.56415516,1588723200000.0
170,1.0028032485242824,67894453.77462532,112285016.21828322,1588809600000.0
171,1.0030852896404625,77888429.47258253,111873856.59437443,1588896000000.0
172,0.9987159952441,73958761.54194084,111758621.32927436,1588982400000.0
173,1.0031511900901189,9980887.721365243,112704063.64743032,1589068800000.0
174,1.0057287271683313,42628066.31115819,110301832.60521016,1589155200000.0
175,1.0065059511504812,16520206.260915466,109685940.28924672,1589241600000.0
176,1.0054369334848092,9137534.481173225,109061153.6365256,1589328000000.0
177,1.0088827751434393,12599760.652903017,108482288.17422742,1589414400000.0
178,1.003927359876594,12362776.728521973,109739787.66247982,1589500800000.0
179,1.005172769515263,7926338.202105273,110287509.71683836,1589587200000.0
180,1.007652988827324,5463027.5965495445,110976490.4278753,1589673600000.0
181,1.0082071085938946,9190121.864530452,111791114.32282808,1589760000000.0
182,1.00265134562914,12135848.168900635,114476289.6380888,1589846400000.0
183,1.0015936167589072,11434101.10755714,114782483.27563262,1589932800000.0
184,1.0005800795789923,8424955.20015326,120124927.457773,1590019200000.0
185,0.999726619260153,13737891.276322722,119229931.9629054,1590105600000.0
186,1.0029018984573848,6209293.576090934,124107292.46895872,1590192000000.0
187,1.0012840751383834,8402795.263142167,121333689.11516446,1590278400000.0
188,0.9940505392978102,8579431.014157588,121216901.15340763,1590364800000.0
189,1.0011748713827286,21447973.3111946,121256916.91697894,1590451200000.0
190,1.0026693011295278,33961579.47092256,120523010.95791055,1590537600000.0
191,1.0029837796768517,28724609.2320038,120650456.81529352,1590624000000.0
192,1.002248270658998,14838583.705820335,120836438.5391982,1590710400000.0
193,1.0016123911223818,11390298.888224186,122347744.78277592,1590796800000.0
194,1.0010961763985426,18084977.82144858,126153595.59898758,1590883200000.0
195,1.0010405386742005,9230354.96473322,130156743.1883779,1590969600000.0
196,1.0093583943987412,14550461.023950482,126002370.30860972,1591056000000.0
197,1.0034604494655768,25596164.13770915,121833234.37153426,1591142400000.0
198,1.0016337334524368,18200696.396539144,132406317.19183417,1591228800000.0
199,1.00192742714548,8076350.874831972,132259957.2511426,1591315200000.0
200,1.0008943218369382,6987048.40643244,132609399.83749644,1591401600000.0
201,1.0011658355102495,5229857.179830397,132450126.64716484,1591488000000.0
202,1.0028921890772795,12325178.872147176,135549642.15868178,1591574400000.0
203,1.0013852658720932,15153290.382458348,135364072.30838552,1591660800000.0
204,1.0027075095638978,12889133.877831712,121327219.76273414,1591747200000.0
205,1.0028423637008657,10944826.777396744,121599426.80026668,1591833600000.0
206,1.0035986953908858,29970905.640112784,125923811.3336495,1591920000000.0
207,1.001101609344178,12101165.890874768,123952237.57413386,1592006400000.0
208,1.0006031163064844,6396081.2930376055,123845060.05397852,1592092800000.0
209,1.0127586097459629,30559577.495316222,119829990.9818713,1592179200000.0
210,1.0084836840919005,25763741.16739927,116341349.50257052,1592265600000.0
211,1.0046452709852527,20752975.579523098,117505080.73788546,1592352000000.0
212,1.0102215778648085,13569471.751638357,119156353.55191788,1592438400000.0
213,1.0102030394731476,18216445.052029613,120463657.39265442,1592524800000.0
214,1.0091863236019432,39629792.98636998,125014843.224161,1592611200000.0
215,1.0074889492753432,21509040.009255245,126475657.08322255,1592697600000.0
216,1.0078753961707347,25878040.92024735,125999317.69857492,1592784000000.0
217,1.0058424193367426,20556756.212470103,130842491.9686548,1592870400000.0
218,1.006407293068207,17779202.698463865,128045258.96495631,1592956800000.0
219,1.0079036280011446,18749356.518397134,129833259.98245531,1593043200000.0
220,1.003260009316931,26654181.85411068,128732634.87557057,1593129600000.0
221,1.0028779751353332,14231193.704569882,129428187.21117312,1593216000000.0
222,1.004689735823611,17470476.33060354,130070969.03170387,1593302400000.0
223,1.0050904936850806,16283680.285792325,129354464.835941,1593388800000.0
224,1.00434127298697,13192429.996791285,129257127.90720612,1593475200000.0
225,1.0093457090214413,18246795.080792915,129588690.80676389,1593561600000.0
226,1.014286992535787,44499692.29758424,148046336.0144475,1593648000000.0
227,1.0078523826855452,33527174.795227624,149186035.21665615,1593734400000.0
228,1.0156185354961496,61652819.41225393,164978171.92274067,1593820800000.0
229,1.013345591370025,40647113.82305572,170877175.21063322,1593907200000.0
230,1.0121468524680692,31491744.127043866,176652872.08065277,1593993600000.0
231,1.0160733170841854,56536385.80429105,182138140.5351005,1594080000000.0
232,1.0117303017336907,111277012.25621071,186937930.3225952,1594166400000.0
233,1.0151734473665874,72266484.83206327,189122931.2277246,1594252800000.0
234,1.018802082375185,86492210.2483272,189777883.17142147,1594339200000.0
235,1.017898893727827,30222720.77915026,192464452.951298,1594425600000.0
236,1.018589647820453,34763124.284439325,201345310.0622044,1594512000000.0
237,1.0190114760403546,21162292.34237311,194491882.0326116,1594598400000.0
238,1.0160665885025066,20483816.27870021,198857973.3928572,1594684800000.0
239,1.0141405362189448,17086612.13795161,199399809.9403884,1594771200000.0
240,1.0124208223594109,23870877.433123164,200950738.51034832,1594857600000.0
241,1.0154230785723364,32722517.879681848,201961616.26915804,1594944000000.0
242,1.0123474647968156,38461147.8516196,210379200.8600577,1595030400000.0
243,1.010928691167523,81091767.70515035,212167294.6848989,1595116800000.0
244,1.0083009724548522,186066153.8468108,221183785.58543697,1595203200000.0
245,1.0102731785753174,205818422.14106044,220578968.86041912,1595289600000.0
246,1.0090033683638906,78681842.05536518,222782669.1894408,1595376000000.0
247,1.0263833142094063,79083875.26441436,224399095.17973483,1595462400000.0
248,1.0310669792711835,96265741.46770228,260784026.3368753,1595548800000.0
249,1.03404966156045,171260376.54671633,285136546.8119523,1595635200000.0
250,1.0052305170169586,228006990.33430824,254444724.58729285,1595721600000.0
251,1.0076346095912274,383679746.6975186,276975318.1032313,1595808000000.0
252,1.0092467175309172,154379861.47844037,287337611.2356174,1595894400000.0
253,1.0182579504390863,110762220.64579502,301443469.61440885,1595980800000.0
254,1.0271552405192916,178430757.20223334,330149282.99283665,1596067200000.0
255,1.031469079101571,243913370.4615896,347418058.4233858,1596153600000.0
256,1.0197839307700844,137603751.08566752,370563791.73043424,1596240000000.0
257,1.0161380745880462,111947804.285245,368973993.62775385,1596326400000.0
258,1.0184439256348397,177641219.99396208,369885939.6288296,1596412800000.0
259,1.0114740611561404,144907469.13243562,385394038.3475568,1596499200000.0
260,1.0142708243002554,70765786.0791996,386659620.0389415,1596585600000.0
261,1.0151374585392157,71020223.35541321,389543205.6139353,1596672000000.0
262,1.0145878610446175,65842281.684171125,380719415.7497119,1596758400000.0
263,1.017272230994722,99098142.44812594,384611513.89705455,1596844800000.0
264,1.0194628914811323,55557466.24981468,383999249.123232,1596931200000.0
265,1.0165522957872664,69556714.98104867,383463405.40891385,1597017600000.0
266,1.0160856515603958,129533696.12015164,424372186.0774024,1597104000000.0
267,1.02215618451773,126551537.35317998,428380630.1632279,1597190400000.0
268,1.014803378957075,107967394.1218999,425553140.7532102,1597276800000.0
269,1.0159996097774495,88814157.9941942,435923683.0530508,1597363200000.0
270,1.0076552206789615,619757917.7033128,415657266.9815674,1597449600000.0
271,1.0059143317077286,82313126.55179997,415930724.58108544,1597536000000.0
272,1.006604770954402,114057776.28385627,423689537.2837868,1597622400000.0
273,1.0027290223863776,107210181.408346,429635612.2051514,1597708800000.0
274,1.0033493037232624,84969755.3441264,428248084.1811536,1597795200000.0
275,1.006113520741988,119213092.53651752,422939402.7731869,1597881600000.0
276,1.0052412322803188,138033284.94722873,433406175.0136079,1597968000000.0
277,1.0064710585637455,89432356.54684582,435985038.4436561,1598054400000.0
278,1.004392832546498,84570112.63657817,443541608.272149,1598140800000.0
279,1.0065246146402498,79796617.09292749,445425128.8674605,1598227200000.0
280,1.0168139782195764,125294934.77974533,449461905.9355511,1598313600000.0
281,1.0143677375215097,98685518.21080324,450681551.7947641,1598400000000.0
282,1.0118084205481408,76394478.51628251,453067357.6804503,1598486400000.0
283,1.01509888450201,90917057.70492078,450446823.4645822,1598572800000.0
284,1.014141616786023,106327435.4349841,449994717.1680161,1598659200000.0
285,1.0118622954965042,145320242.02985457,442729019.277792,1598745600000.0
286,1.0147912953785534,154876127.20609236,448769575.1624346,1598832000000.0
287,1.015792443457158,132663427.8690695,445706299.8286813,1598918400000.0
288,1.013843712987528,144026881.68522987,468313157.8101021,1599004800000.0
289,1.0067997562699982,233589835.51061395,493459666.4078496,1599091200000.0
290,1.002509589093702,310388671.98589134,520082677.3568309,1599177600000.0
291,1.019604681070637,271727518.02081853,467054804.573293,1599264000000.0
292,1.017019178258205,384848162.030727,442472478.6125141,1599350400000.0
293,1.0189274340553884,191833489.01114383,432144169.8408567,1599436800000.0
294,1.0292279490237684,183684823.50639355,438965908.3577825,1599523200000.0
295,1.028162649528621,158176738.56978497,440052030.0891973,1599609600000.0
296,1.0329160709582648,201299922.52634776,438478453.4491696,1599696000000.0
297,1.0338383378593392,158984986.3699771,462422578.7820096,1599782400000.0
298,1.0367542619395256,94204895.36310042,467274663.4390748,1599868800000.0
299,1.0290300592787494,111994852.52482648,473702954.87039393,1599955200000.0
300,1.0243292891200624,159265577.5614005,473768021.1993837,1600041600000.0
301,1.0342242570500206,326698169.27649254,542737180.3875185,1600128000000.0
302,1.0200901374567304,382564315.33287984,614117909.12788,1600214400000.0
303,1.0148550484085324,208111306.02873945,576012225.2677411,1600300800000.0
304,1.0189257537304444,256192966.83980912,638473703.3314567,1600387200000.0
305,1.0200394930338168,248811532.3831733,696586953.4959334,1600473600000.0
306,1.0092981982357934,413346414.04524136,786231125.0827093,1600560000000.0
307,1.0117937695664536,132629930.82042857,807885339.8576907,1600646400000.0
308,1.007748356236224,268700415.165914,835983751.5603226,1600732800000.0
309,1.0107882531666048,143308668.93906683,850969076.1490853,1600819200000.0
310,1.011799773900846,261565614.25755343,895329363.4878249,1600905600000.0
311,1.0110460603196134,230646335.18492487,905894981.8781792,1600992000000.0
312,1.010034681849911,145795406.19998842,904955086.5061586,1601078400000.0
313,1.009279484918293,164987845.58917204,926941251.809561,1601164800000.0
314,1.0103136519355185,102879097.09588312,926075191.7416558,1601251200000.0
315,1.011105457888592,99616035.60384634,912251122.6089329,1601337600000.0
316,1.0126325098772224,181473891.2409177,912393640.367443,1601424000000.0
317,1.0108310786542365,70084406.90491569,905012707.0334796,1601510400000.0
318,1.011451614388852,143980891.56214258,879787761.344599,1601596800000.0
319,1.0121731041134197,93405759.68698391,879406014.4694026,1601683200000.0
320,1.0067743833884664,51448051.79043707,873047486.7535082,1601769600000.0
321,1.00999232490374,70254430.6243769,870811583.0038098,1601856000000.0
322,1.0103872090987578,67660365.06948444,868989851.2511597,1601942400000.0
323,1.01106476009993,119112982.67162272,879910777.9010037,1602028800000.0
324,1.008782161144831,76137388.69218999,874601044.6423581,1602115200000.0
325,1.0114453357250697,77272432.58854191,877710215.880657,1602201600000.0
326,1.0134814552110465,132552409.81109272,895570109.5545263,1602288000000.0
327,1.0100277424919537,153282109.865688,902553744.5359988,1602374400000.0
328,1.0101182414141794,102425688.00239088,916255255.1130242,1602460800000.0
329,1.0087544813057017,100384672.13823669,918663867.6634196,1602547200000.0
330,1.009421542626566,83460576.01250416,939968263.9920814,1602633600000.0
331,1.0101769337115458,79918916.47594869,919880371.38766,1602720000000.0
332,1.0056486305861077,104946581.2539426,916510953.7979746,1602806400000.0
333,1.010275063687608,96730871.9514299,914504041.8348694,1602892800000.0
334,1.0069282575281142,59381911.00562741,911111877.8970674,1602979200000.0
335,1.0096875567577943,71272441.4437626,912591980.1913586,1603065600000.0
336,1.0080692647346166,73598515.52760999,908877156.655067,1603152000000.0
337,1.008576763173915,86880010.64193504,915037890.5654364,1603238400000.0
338,0.9901617164481392,123694627.32794632,925408778.0846344,1603324800000.0
339,0.9989112683643528,240361233.45819685,920335887.1722552,1603411200000.0
340,1.008586814823936,163970084.77968004,944023837.3928032,1603497600000.0
341,1.0035178912646192,90068443.95091695,940605460.4903928,1603584000000.0
342,1.0049002054637888,64368259.55822022,941736520.207861,1603670400000.0
343,1.0037832997069605,130083586.35969722,936683109.2222742,1603756800000.0
344,1.0084375913570185,127696205.45757972,951070597.9092208,1603843200000.0
345,1.0096362616735524,113714641.99724236,949416508.712108,1603929600000.0
346,1.0095032808135154,131464458.1890346,944896121.2424952,1604016000000.0
347,1.0092055567860077,118365988.44922578,933332296.9359944,1604102400000.0
348,1.006978157552671,70855290.84663925,934987784.2517728,1604188800000.0
349,1.0071550073074549,70427626.72160953,945481140.4376746,1604275200000.0
350,1.0082878143030811,93962441.38517478,954232997.733601,1604361600000.0
351,1.0112581064673822,89714520.03912018,960429815.1141406,1604448000000.0
352,1.007991367052831,103129634.1951591,950721834.24844,1604534400000.0
353,1.0084047866106398,112431610.2087632,954813315.5725954,1604620800000.0
354,1.0102580117779525,130924134.4900995,960717584.7301884,1604707200000.0
355,1.011663068060033,148467814.81838876,961963363.5308892,1604793600000.0
356,1.007987473097241,89595646.1256635,960402760.2197764,1604880000000.0
357,1.0089434119430332,206799366.8171205,965004126.9486556,1604966400000.0
358,1.0044079587268302,108206429.35636736,971958281.7271044,1605052800000.0
359,1.00620621401877,168508505.66122752,1000763128.8695964,1605139200000.0
360,1.0062919528098575,101844933.91831282,997895359.091622,1605225600000.0
361,1.0066576963159324,110407405.70082356,1004871784.9811168,1605312000000.0
362,1.007333721357123,506885433.0440434,1008866537.249156,1605398400000.0
363,1.0076772413119028,112411083.61564484,1017953548.5741978,1605484800000.0
364,1.0041588182559191,106897056.493327,1016148604.5273948,1605571200000.0
365,1.0044084491452012,197990349.10491145,1016200632.5115345,1605657600000.0
366,1.0039541503198943,153195924.02231467,1003569676.6791698,1605744000000.0
367,1.0041266796669674,122549198.14293031,994993026.6316116,1605830400000.0
368,1.003997497887198,166727833.04852536,1003964085.285479,1605916800000.0
369,1.0022353396471395,149582138.497193,1021430146.6796286,1606003200000.0
370,0.9977126028546044,156130643.15264875,1019106432.2002232,1606089600000.0
371,1.000809617318738,162604641.16191018,1021978286.7076932,1606176000000.0
372,0.99960071073888,177487171.26167434,1040327443.7826818,1606262400000.0
373,1.0016639866047627,140512596.07242182,1046944868.512142,1606348800000.0
374,1.0026630047193503,783070514.3228539,1018550643.6897508,1606435200000.0
375,1.0057023260199334,126765632.96076958,1018400751.8648062,1606521600000.0
376,1.0014448588477023,97288666.9400101,1018766803.7597666,1606608000000.0
377,1.0038303130228767,93357915.93491668,1032744526.314368,1606694400000.0
378,1.0067139903046307,337464474.913698,1053153622.0227196,1606780800000.0
379,0.9998594132092388,215796542.25672343,1060561104.7505634,1606867200000.0
380,1.0017483192282146,145392321.87076277,1075054852.3861766,1606953600000.0
381,1.005432942407971,118578020.13160312,1082410957.0213995,1607040000000.0
382,1.0064133770022667,184452629.77144933,1069432513.7875248,1607126400000.0
383,1.0028490896049715,113309551.60668488,1072362247.89212,1607212800000.0
384,1.0068006996012946,128811624.49855916,1080081106.7356343,1607299200000.0
385,1.005306967793248,110734793.40731314,1075282316.7904372,1607385600000.0
386,1.0039815624115012,140529351.0789409,1070751653.4440418,1607472000000.0
387,1.0035085601491047,218294053.1076768,1085108811.1231315,1607558400000.0
388,1.005372535501921,141716013.63030258,1084066685.8116498,1607644800000.0
389,1.0036036169223983,206247419.3604372,1067245733.9220264,1607731200000.0
390,1.000488540999129,158666933.43592957,1096918108.0290563,1607817600000.0
391,1.003309249203171,118614752.01383203,1096278223.5143414,1607904000000.0
392,1.0015915121586545,112408350.6532838,1097264907.1018353,1607990400000.0
393,1.00156212013962,136854588.5304894,1099420117.1674757,1608076800000.0
394,0.9998708381249218,112364298.08313335,1116445402.2820058,1608163200000.0
395,0.9975950119333132,395162904.3168232,1126334598.402792,1608249600000.0
396,0.9996464166411868,196284163.7596489,1125881485.3546734,1608336000000.0
397,1.0005087865996338,191596409.86892384,1136671406.5794878,1608422400000.0
398,1.002830766124898,195915214.4760891,1126025513.9416282,1608508800000.0
399,1.0015152866035375,220368978.8898213,1127354335.381387,1608595200000.0
400,1.0039763394576902,206775846.06571284,1124828785.5777752,1608681600000.0
401,1.0081849668726688,250159992.867664,1122542253.074231,1608768000000.0
402,1.0035882344000502,283729033.85286087,1118199010.362518,1608854400000.0
403,1.004157861452552,193039047.9843609,1119210792.1688812,1608940800000.0
404,1.0056255534033345,221850756.82035297,1129131574.5315225,1609027200000.0
405,1.005461469212084,438784566.6156987,1108801924.5256228,1609113600000.0
406,1.0066349209048295,332750768.8284933,1133629308.016564,1609200000000.0
407,1.0042583074867095,314970495.5486084,1139324984.3709023,1609286400000.0
408,1.0049064181646117,366998031.6398533,1157751638.1308608,1609372800000.0
409,1.002622144545058,368689973.3091369,1168798536.5406322,1609459200000.0
410,1.0040354371821332,368235238.9591604,1206386946.2493763,1609545600000.0
411,1.005492779590455,1423775892.3178012,1184381402.4462416,1609632000000.0
412,1.0078514660385829,571028401.8497564,1237248731.1389573,1609718400000.0
413,1.0020048008766926,1156187152.5566783,1313564234.1199017,1609804800000.0
414,1.0004939926263716,604680471.2745398,1320464127.7618506,1609891200000.0
415,1.006037889924336,588501686.6520921,1313903813.9073925,1609977600000.0
416,1.0003571291060944,611863916.0555652,1363763940.3273082,1610064000000.0
417,0.9985693990005068,794211932.4213883,1391136962.125567,1610150400000.0
418,1.005951919172532,537904335.5338576,1414793449.8798046,1610236800000.0
419,1.0003661873307832,583387102.6355655,1430017174.2164285,1610323200000.0
420,1.0098647311777296,1119945670.1801877,1373642115.9899511,1610409600000.0
421,1.0031953167712255,553820513.0583762,1368345716.8125982,1610496000000.0
422,1.0014216856123277,545721560.5440193,1368857291.74007,1610582400000.0
423,1.0015808980671277,561155345.5453038,1408197771.977925,1610668800000.0
424,0.999467979946023,876272407.329837,1291623496.700608,1610755200000.0
425,1.0015318340521224,436555165.8286457,1369636167.329546,1610841600000.0
426,0.999309624149422,346256204.22469515,1383583488.1917531,1610928000000.0
427,1.0010221768847356,334911943.49176264,1404435449.1387813,1611014400000.0
428,0.9991523889555116,567118648.41068,1403869964.0200882,1611100800000.0
429,0.9981625182514932,473513377.0049807,1408636838.9684446,1611187200000.0
430,1.0022666032388816,590708040.2603244,1412074525.330066,1611273600000.0
431,1.0011624188735806,801774588.7167021,1443167176.2106109,1611360000000.0
432,0.9988292166974804,691989368.151456,1462161633.9612231,1611446400000.0
433,1.0009249310054795,405277105.1534839,1532763463.0959406,1611532800000.0
434,1.0017888532991208,467743066.937244,1575230489.2568867,1611619200000.0
435,1.0019752646928592,417228890.8291601,1594043515.962721,1611705600000.0
436,1.0004462115981287,419504402.04523927,1605464379.911655,1611792000000.0
437,0.9964754595689564,319573467.2840334,1617008898.233153,1611878400000.0
438,0.9942495335395488,515920291.1535335,1626810492.7628188,1611964800000.0
439,0.9958471590114928,277109006.20481694,1647927265.5241134,1612051200000.0
440,1.0000578242719622,279659764.8999132,1645893458.439279,1612137600000.0
441,0.9989091635515917,361448100.10528857,1655223135.535571,1612224000000.0
442,1.0005790141528208,454109690.8855685,1706483386.8692706,1612310400000.0
443,0.9993403293208912,391877097.46620005,1735622926.5283597,1612396800000.0
444,1.0012920528640448,474864431.2064652,1769120896.8329096,1612483200000.0
445,1.001655223975744,351357108.4675279,1818259930.3576984,1612569600000.0
446,0.9987523828816096,356842601.6331395,1826607594.8766413,1612656000000.0
447,1.0005951938410331,444769802.1327062,1801487094.480973,1612742400000.0
448,0.9998196331299476,857173197.2632875,1891195984.4854016,1612828800000.0
449,0.9972843322502016,471591138.1260342,1951419253.1589253,1612915200000.0
450,1.000307730375204,487680574.7753736,1965541573.257168,1613001600000.0
451,1.0000389713030946,428421562.5736103,2030169942.482363,1613088000000.0
452,0.9980508215801028,330918774.1229095,2047789093.00044,1613174400000.0
453,0.9996568476349053,326652029.62724125,2070809897.8159213,1613260800000.0
454,0.998297944471226,362780325.8133823,2069338903.3222923,1613347200000.0
455,1.002101907681081,535430452.3389962,2118562315.691316,1613433600000.0
456,1.0011762900865897,615197028.6857957,2196279671.673397,1613520000000.0
457,1.0011138973444151,388061692.5541562,2254469387.3938646,1613606400000.0
458,1.001308711148974,369292046.2922296,2300764014.392836,1613692800000.0
459,1.004720609265502,363702598.963966,2323494929.390367,1613779200000.0
460,1.0023220980558034,499891032.5706351,2357690695.9594536,1613865600000.0
461,1.004223339670956,316414866.87283206,2384083961.8497944,1613952000000.0
462,1.0036834716295608,1032768971.7811092,2368499489.7857904,1614038400000.0
463,1.006739179084721,1736980683.0396624,2303952211.147416,1614124800000.0
464,1.0099808512487822,806272880.9120052,2324728000.0570025,1614211200000.0
465,0.9979514132910404,550926814.7099694,2334553910.180523,1614297600000.0
466,1.0075734425025025,693470106.8219714,2314997564.804288,1614384000000.0
467,1.0062846733459656,378421862.3811398,2322934279.657661,1614470400000.0
468,1.0053147428805165,902006873.970454,2355458416.677756,1614556800000.0
469,1.0053454734157343,581999710.0358675,2462539958.9036746,1614643200000.0
470,1.0066134843288257,624533667.9614421,2526670519.521475,1614729600000.0
471,1.0005853574048091,398983787.0417838,2529513594.224999,1614816000000.0
472,1.0064005306004735,510340270.6263401,2560638679.8028045,1614902400000.0
473,1.0012997284498584,464517758.9961551,2550377194.422577,1614988800000.0
474,1.0026342740403176,335830904.14275056,2582625204.3606725,1615075200000.0
475,0.9993405480304064,507523180.9712088,2551483989.798403,1615161600000.0
476,1.0024911494234106,348116606.1100056,2571575541.3510776,1615248000000.0
477,1.004099232553697,565988186.0203468,2634061160.426641,1615334400000.0
478,0.999343354479765,304877855.12217915,2626611377.00258,1615420800000.0
479,1.0045933240832146,396031827.3118326,2664592770.1892943,1615507200000.0
480,1.0048035865939449,361167057.8746692,2717830654.9679265,1615593600000.0
481,1.0048836437321045,341872887.86144555,2746532427.275141,1615680000000.0
482,1.0051468775896268,234027719.37406176,2760920084.2575665,1615766400000.0
483,1.0034317864560238,392721921.6070073,2777224738.7077665,1615852800000.0
484,1.000862318540306,322379696.5931684,2806863351.5459185,1615939200000.0
485,1.0038748451364177,378717045.9643714,2855121285.846071,1616025600000.0
486,1.0042110637927846,195327289.3726633,2873992089.481971,1616112000000.0
487,1.0016621490483917,214799476.9384844,2871152682.2494726,1616198400000.0
488,1.0042365943125962,174410524.17735565,2872010682.937947,1616284800000.0
489,1.002997067470264,226241243.78565857,2893058264.840494,1616371200000.0
490,1.004296238240968,312161958.1620691,2920382549.910402,1616457600000.0
491,0.9993577336737924,272528719.9684556,2916556409.5412683,1616544000000.0
492,1.0022448302907383,336498431.6756636,2915360929.25262,1616630400000.0
493,1.000036668140071,306734304.3414877,2922014257.53415,1616716800000.0
494,1.0012433792103048,230529907.9774565,2959347420.7035613,1616803200000.0
495,1.0023854052224843,189542870.7237321,2976048951.5623884,1616889600000.0
496,1.0025302603219066,281741481.6330176,2993764421.6913834,1616976000000.0
497,0.99925481379315,294050074.245981,2987650644.8287573,1617062400000.0
498,1.0003131322861334,224782734.41118443,3014474385.598162,1617148800000.0
499,0.9991210334910724,289032329.5569264,3011705401.798063,1617235200000.0
500,1.0010588984950497,335827806.7831883,2962556909.510822,1617321600000.0
501,1.002375166938154,636013073.663917,3034608560.982798,1617408000000.0
502,0.9996167552466289,450964472.5599053,3060622618.296052,1617494400000.0
503,1.0017188378224426,360007616.23940235,3063684863.858365,1617580800000.0
504,1.000991947975955,538056298.4895753,3050018661.010645,1617667200000.0
505,0.9999775647084324,360542848.5579311,3063203543.93243,1617753600000.0
506,1.002268811593087,344210919.80674064,3053418874.345742,1617840000000.0
507,1.0005794021635164,277568444.8776517,3042130828.5121064,1617926400000.0
508,0.9987083403900776,222837453.3052489,3046156927.333914,1618012800000.0
509,1.0008325322073104,333398125.9044206,3113531052.3369594,1618099200000.0
510,1.0021057455316658,194684505.0464261,3144341189.9261017,1618185600000.0
511,1.0009711103891852,255831903.6284397,3129418363.18023,1618272000000.0
512,1.000806107996976,1191227135.2929192,3168233746.461829,1618358400000.0
513,1.0018563549004895,547192331.3267295,3147936581.1832685,1618444800000.0
514,1.0015255004589672,378647826.13311183,3197460209.24621,1618531200000.0
515,0.9967573280677848,485778231.78385794,3322633590.7048426,1618617600000.0
516,1.0009246249433024,398522188.0715208,3438662610.477456,1618704000000.0
517,0.9988939219839904,779594099.0518056,3438712732.449825,1618790400000.0
518,0.9988389494549976,882111170.84514,3426128926.7263904,1618876800000.0
519,1.003224228714982,560407401.571772,3441227995.251975,1618963200000.0
520,0.9942635412683648,643811662.7616366,3434759751.830676,1619049600000.0
521,1.0018662060543624,769214362.226306,3453534580.178342,1619136000000.0
522,1.0007454686061332,1150118402.172085,3431371781.825072,1619222400000.0
523,0.9993876428109758,506080883.4974336,3444318493.603753,1619308800000.0
524,1.0021931127132089,430664663.1959201,3466755750.243453,1619395200000.0
525,1.0012077494918736,506067171.2488963,3484884716.6275187,1619481600000.0
526,0.9994078916507344,378037412.8780316,3551580225.007101,1619568000000.0
527,1.0011032807063602,451046733.4538471,3570467055.992988,1619654400000.0
528,1.001844965814265,523304116.7772701,3669075252.2897086,1619740800000.0
529,0.999394013523714,283581314.943428,3657625959.971208,1619827200000.0
530,1.0007295288393154,356249693.8987312,3730505347.695495,1619913600000.0
531,1.0022314615589032,269630460.65941733,3781646319.246838,1620000000000.0
532,1.003411144876653,727933629.7400115,3894578565.889449,1620086400000.0
533,0.999913561482226,956790114.6713,3966445919.596665,1620172800000.0
534,1.000592470160721,858416744.4224237,4094761049.292959,1620259200000.0
535,1.0001652149702205,756397897.9661115,4290581873.705479,1620345600000.0
536,1.001578434427015,658184321.318603,4370206603.868354,1620432000000.0
537,1.0002986864815335,585853961.0145316,4408086615.273289,1620518400000.0
538,1.0009533840497908,637668911.3217263,4499430226.30469,1620604800000.0
539,1.003393856992381,882320350.9793005,4595900937.341585,1620691200000.0
540,1.0015159546173915,629670926.5091147,4591918689.760883,1620777600000.0
541,1.0001779047369304,946833051.1204312,4639035871.100745,1620864000000.0
542,0.993430583962833,1747567610.8112788,4505297648.155468,1620950400000.0
543,1.000439219690736,1296694209.0732543,4597620286.449364,1621036800000.0
544,0.999392741958673,680255463.1945843,4620179232.772255,1621123200000.0
545,1.000701411426832,1346359003.16812,4686832890.273312,1621209600000.0
546,1.0033825109037504,1238713442.7358146,4729591696.024199,1621296000000.0
547,0.9927713451875818,604971255.7547326,4788633354.740325,1621382400000.0
548,0.994898130440491,3404128801.7180734,4376926441.554342,1621468800000.0
549,1.00741478556139,1686887984.097216,4251440222.394668,1621555200000.0
550,1.0011490413415636,1496623766.149202,4243099943.379677,1621641600000.0
551,1.003969749645611,886718149.8534915,4234575002.529474,1621728000000.0
552,1.0031487180032903,2612812313.581592,4050740820.607512,1621814400000.0
553,1.0036412043565954,1242175633.3338494,4214647418.360157,1621900800000.0
554,1.0025558570961106,839416491.2967085,4267899673.3171625,1621987200000.0
555,0.9986062298706636,880008091.4366479,4373029465.605895,1622073600000.0
556,1.0011658647196269,704302533.5839988,4392591424.978427,1622160000000.0
557,1.00598887190934,754755225.3791285,4436860849.206099,1622246400000.0
558,0.9993362350018302,637751620.9557517,4495174823.405457,1622332800000.0
559,1.0014220199161077,576763028.8098216,4433116486.119908,1622419200000.0
560,0.999897997323128,521563999.1146098,4440488145.289086,1622505600000.0
561,1.0031662576447062,560108336.9444284,4415086387.132368,1622592000000.0
562,1.0004027009359435,501404450.8406186,4418979016.121122,1622678400000.0
563,1.0013213356452075,500590711.59467447,4500086693.046823,1622764800000.0
564,1.000761543218393,666373103.0911368,4546525577.361327,1622851200000.0
565,1.000898443762948,455314025.3044303,4556323041.059765,1622937600000.0
566,1.002972123761827,290376255.8535251,4583005061.065988,1623024000000.0
567,1.002400165455777,512905612.86789,4654351280.833081,1623110400000.0
568,1.0026188798586702,761946219.59453,4658695715.7197695,1623196800000.0
569,1.002161380858692,1089033104.3416867,4878864603.371342,1623283200000.0
570,1.0042943166729057,562261664.451513,4880508755.621661,1623369600000.0
571,1.0002803900022574,445305996.9201817,4994166239.422551,1623456000000.0
572,1.0035133240221714,443381748.19217086,4977173325.70748,1623542400000.0
573,1.0006030217920123,363779327.176294,4994736662.232169,1623628800000.0
574,1.0016684240298768,495608779.5663613,5026214219.551476,1623715200000.0
575,1.0046413555483122,531112192.0669189,5126674470.212219,1623801600000.0
576,0.9996162409712572,426977360.5945708,5103813206.904901,1623888000000.0
577,1.005859556449069,442336923.6448308,4988287530.941123,1623974400000.0
578,1.0024385222628385,735440656.329189,5021340302.312529,1624060800000.0
579,1.0049252672089553,345422029.2974532,5035611924.716657,1624147200000.0
580,1.0022807739532102,441289306.2607733,4977973655.001879,1624233600000.0
581,1.0016193879774289,1557299830.9817915,4846303261.864512,1624320000000.0
582,1.003171212536093,938319008.631549,4837537937.510912,1624406400000.0
583,1.0033779337688025,453847023.1143099,4903482771.376966,1624492800000.0
584,1.0020527248402848,284852321.0248558,4926705724.274804,1624579200000.0
585,0.996240221456298,360624215.2003221,4889650672.351584,1624665600000.0
586,1.0054295522100758,417872029.1991944,4921970207.584548,1624752000000.0
587,1.0070963844473666,367526818.7429496,4949183242.870895,1624838400000.0
588,1.0027054581350685,461843972.91323113,4956971357.661382,1624924800000.0
589,0.9999982831408668,1564746633.529747,4960778697.887193,1625011200000.0
590,1.003006139983627,897610395.9058805,5133348167.334219,1625097600000.0
591,1.002889419295067,524746392.8063354,5172827579.772884,1625184000000.0
592,1.0070080142295534,394126715.4125551,5187937685.759582,1625270400000.0
593,1.0029758055840643,335181701.9860347,5186793414.774383,1625356800000.0
594,0.9983856226484282,272531098.33596015,5194203910.528686,1625443200000.0
595,1.0058927129432902,688524671.3844006,5237592993.586198,1625529600000.0
596,1.0033927657269517,396669124.38441217,5244019819.285394,1625616000000.0
597,1.0014840565409526,307168393.1368061,5245352389.254642,1625702400000.0
598,1.002550212930394,350391435.0574683,5244490231.357873,1625788800000.0
599,1.0044440706519309,291248593.91187966,5280511884.716804,1625875200000.0
600,1.0048921527617742,397590208.24298334,5252773085.620732,1625961600000.0
601,1.002161037588735,258964483.82664368,5292043801.502807,1626048000000.0
602,1.0039149673485013,435290863.9654912,5268703048.612711,1626134400000.0
603,1.0046958127538188,389555988.251497,5236051378.183458,1626220800000.0
604,1.003954128564165,365739180.0601176,5255190576.938519,1626307200000.0
605,1.0049483634369614,707564611.521887,5252267709.785724,1626393600000.0
606,0.9989146510603852,442507037.22818434,5247059208.477676,1626480000000.0
607,1.002639857633584,221732818.0910928,5260831397.411197,1626566400000.0
608,1.0023649637048733,217387905.13750792,5293158020.542592,1626652800000.0
609,1.0034705947408926,322959829.25250447,5228696177.125404,1626739200000.0
610,1.0015337105233022,467418774.8820745,5215277329.928177,1626825600000.0
611,1.0042804741867124,391381889.2032639,5246019482.368279,1626912000000.0
612,1.0027909073219077,379888113.67047423,5256955435.987858,1626998400000.0
613,1.006511034323498,255699098.71363327,5273803014.650695,1627084800000.0
614,1.002119845802212,453581649.0430777,5289285270.060658,1627171200000.0
615,1.0026926399029952,240829840.2518753,5296633444.691209,1627257600000.0
616,0.9991545324305424,670119154.5024085,5307442591.72492,1627344000000.0
617,1.004618268011928,458181558.37979305,5341667853.527498,1627430400000.0
618,0.999771084327663,1473420206.13415,5367203898.437504,1627516800000.0
619,1.006193863828894,1621421855.8619354,5379942744.704049,1627603200000.0
620,1.0042654642743452,473753894.73654455,5391646532.785349,1627689600000.0
621,1.001901303415463,458950784.6693751,5394112979.477195,1627776000000.0
622,1.0018274618702423,364153802.0689604,5409630448.010125,1627862400000.0
623,1.0023774527909706,371054125.964485,5434599923.623467,1627948800000.0
624,1.0061247717700572,728639986.0055149,5448817221.724582,1628035200000.0
625,0.9951163678341826,481278660.6143,5414461051.251522,1628121600000.0
626,1.0005619347269292,587265146.8467362,5461101360.256642,1628208000000.0
627,1.000162643419569,745816260.6537714,5461811006.114804,1628294400000.0
628,0.9997775390224848,563635852.796071,5498000381.509425,1628380800000.0
629,1.003551340829428,530268109.8967424,5555842673.404709,1628467200000.0
630,1.0039851306150078,617566370.8112344,5532087204.778514,1628553600000.0
631,1.0005944112289862,490134606.71729696,5575469232.886274,1628640000000.0
632,0.9992560664771382,382087063.7106523,5600687714.198834,1628726400000.0
633,1.0002962766151302,438675682.341994,5632021893.496665,1628812800000.0
634,1.0008181803940128,382605425.7866156,5676819812.27699,1628899200000.0
635,0.999989635887332,371446678.21801054,5688684861.833112,1628985600000.0
636,1.0009861552701949,339192642.85545975,5741630077.462691,1629072000000.0
637,1.0011266997363013,465082360.7641541,5736557951.468029,1629158400000.0
638,1.0018261540264928,494050228.043001,5722002698.714766,1629244800000.0
639,1.0035431923037392,523968901.7026378,5735960695.646297,1629331200000.0
640,1.00956512806566,452138852.19074285,5742013247.515541,1629417600000.0
641,0.9996840115770586,422985327.103276,5751803888.059757,1629504000000.0
642,1.0013598373484025,343788314.72624224,5771563780.195883,1629590400000.0
643,1.006328312097554,278847912.3258454,5800139320.866009,1629676800000.0
644,1.0003716810288603,497932598.1083885,5787999784.279485,1629763200000.0
645,1.0023486507031305,479422445.42456,5787349455.237025,1629849600000.0
646,0.9998546558272892,328719601.6576112,5773271142.486977,1629936000000.0
647,0.9997920881113154,356973436.6665112,5778564255.469102,1630022400000.0
648,1.0026754524906405,298518033.512892,5825544830.64492,1630108800000.0
649,1.0001565505105157,225626464.1873265,5822652586.226855,1630195200000.0
650,0.9999394286827352,256478648.71205568,5850913957.498377,1630281600000.0
651,0.9978302041172648,330373789.00590384,5842080102.324045,1630368000000.0
652,1.003990119005283,518511065.70506805,5860043255.772914,1630454400000.0
653,1.0001590591453435,550987100.2380863,5873154201.048539,1630540800000.0
654,0.9998512299280248,677481159.2172122,6060471957.997763,1630627200000.0
655,0.9988984888212376,442033471.5478375,6100944794.125707,1630713600000.0
656,0.9983312878540616,319776466.48118454,6112981421.64311,1630800000000.0
657,0.9996451826430324,267117101.3864233,6147447306.270694,1630886400000.0
658,1.0005074642277734,430745860.9041144,6187976964.392255,1630972800000.0
659,1.001609915957946,838996756.2595354,6216941541.424585,1631059200000.0
660,1.0039735308924298,563711069.2320229,6231557363.12452,1631145600000.0
661,1.0044956980761734,344437002.4634828,6232966612.398466,1631232000000.0
662,0.9977592698242408,366916403.96114033,6155063054.239255,1631318400000.0
663,1.002597310206897,261504318.25156373,6283492128.473663,1631404800000.0
664,1.0108952367520805,271128076.5663027,6305049657.645242,1631491200000.0
665,1.0041056425803123,401222112.21910286,6305138406.225914,1631577600000.0
666,1.0016710614137545,259081823.0632177,6286029153.085633,1631664000000.0
667,1.001796637702271,268647847.9158292,6286593816.749322,1631750400000.0
668,1.002117379638768,359088348.06465334,6311184287.599442,1631836800000.0
669,1.0043694820643114,339676895.7668476,6337331910.871474,1631923200000.0
670,1.003837955580935,257757805.82884723,6330278299.355452,1632009600000.0
671,1.0044974871802812,274193198.39303696,6341811746.289012,1632096000000.0
672,0.9911832334359996,875168548.1257999,6087222920.223113,1632182400000.0
673,0.9951586201519572,649201399.611934,6059754074.397437,1632268800000.0
674,1.000687500667685,421176270.764055,6025413162.637846,1632355200000.0
675,1.0024018246768236,296091093.7951882,6094469527.767255,1632441600000.0
676,1.0022615256011058,531959022.05860126,6046166699.943456,1632528000000.0
677,1.0041950852765762,345478859.77879447,6064950516.089381,1632614400000.0
678,1.0039221478911995,363053947.9730057,6079024252.33598,1632700800000.0
679,0.9944924039715892,633837230.9936976,6175531614.405781,1632787200000.0
680,0.9946490953267304,460645517.2794509,6183354056.392215,1632873600000.0
681,1.003857758375262,408706153.7432049,6191474518.728473,1632960000000.0
682,1.0057846688609382,658703252.6915635,6199628073.4703865,1633046400000.0
683,1.002643604448908,485073514.50007534,6219165305.010698,1633132800000.0
684,0.999447546492788,274349855.55161494,6219234788.62967,1633219200000.0
685,1.0035773286843233,284441879.09701407,6272842279.329509,1633305600000.0
686,1.0032586952679776,466929749.8185963,6290092662.671798,1633392000000.0
687,1.0017626779269964,476702216.6272304,6313909657.588,1633478400000.0
688,1.0023560797793938,614728812.9628133,6414373277.835671,1633564800000.0
689,1.0010843509685718,397177241.30219495,6446972671.484048,1633651200000.0
690,1.0018395314143609,382016557.163647,6493206763.062343,1633737600000.0
691,1.0029879944841962,267447013.78145143,6537843670.096713,1633824000000.0
692,1.0012734267098873,317846194.363923,6543645497.914551,1633910400000.0
693,1.0073081651886058,462183444.6993762,6554714017.89308,1633996800000.0
694,1.0020147524620744,591828425.5342737,6607836165.14737,1634083200000.0
695,1.00481832839858,1600165906.0605185,6638638659.356619,1634169600000.0
696,1.001963755839577,640218034.2157106,6770612810.2081785,1634256000000.0
697,1.0048906157272426,1283969082.2437367,6991089765.3459215,1634342400000.0
698,1.0028508267767997,523874799.7628664,7027588272.915894,1634428800000.0
699,1.0047036120874977,458677358.08175015,7011447930.456167,1634515200000.0
700,1.0008396847244363,531004990.9594848,7041692491.742167,1634601600000.0
701,0.9998352797017792,431695939.2510959,6965713282.240769,1634688000000.0
702,1.000344344719418,633249213.2355422,7151735466.693331,1634774400000.0
703,1.0008728606601476,886900777.3146722,7375492355.707506,1634860800000.0
704,1.005648943463435,533992834.31286407,7391874597.101125,1634947200000.0
705,1.0064532927914562,472244498.6549386,7387816410.53828,1635033600000.0
706,1.0050753104771075,465215422.7884298,7338068312.850656,1635120000000.0
707,1.004967109971996,491415865.548062,7323409804.002054,1635206400000.0
708,1.0000258586437472,754279978.6818119,7339328683.444621,1635292800000.0
709,0.9991250560723848,929602467.7836242,7610685580.797876,1635379200000.0
710,0.9990111853587044,891024384.3506349,7629526521.102104,1635465600000.0
711,0.999750351320583,862844941.9910625,7689082797.052188,1635552000000.0
712,1.00400477700595,610446979.0009559,7793719922.253592,1635638400000.0
713,1.0000181937077748,564655100.2932829,7793187615.360002,1635724800000.0
714,1.001614492548382,607569087.1131351,7820062202.429572,1635811200000.0
715,1.0026641355292252,626273325.9599401,7823829840.763419,1635897600000.0
716,1.0008365287475294,680519218.724864,7840534375.920299,1635984000000.0
717,1.0046473171927044,624138290.4001025,7807209872.462472,1636070400000.0
718,1.0034590647089807,833083248.8826699,8156496508.548544,1636156800000.0
719,1.0032716119624403,516762242.8085378,8143534836.062356,1636243200000.0
720,0.9990482208224772,697364786.749855,8124723408.766701,1636329600000.0
721,1.0009555678702178,568656698.6372421,8392735005.625569,1636416000000.0
722,1.0011499772523629,497597612.9385158,8632800903.069304,1636502400000.0
723,1.0044213662836692,837914723.6755103,8581317425.492299,1636588800000.0
724,1.0011671074263095,553302810.7715651,8555343741.295274,1636675200000.0
725,1.0076412807183253,710793760.4899497,8585602578.750746,1636761600000.0
726,1.0031728200177052,231905826.25040776,8532605900.60082,1636848000000.0
727,1.0083551412462424,435435110.9772126,8493965627.149022,1636934400000.0
728,1.0031440842988035,538484129.8034059,8489573144.344085,1637020800000.0
729,1.002397544398201,1164833969.2550807,8487969868.409673,1637107200000.0
730,1.0076808696516857,839576221.2631027,8491301227.584624,1637193600000.0
731,0.9993381522388782,997289126.420156,8523835052.423451,1637280000000.0
732,1.006266999854717,523160834.3775243,8634278625.784584,1637366400000.0
733,1.0066940349166575,592283114.1889337,8675599842.513226,1637452800000.0
734,1.004509532449662,595046978.3563291,8700649963.125906,1637539200000.0
735,0.9998445390092198,859618323.98423,8633559607.922604,1637625600000.0
736,1.000934258030682,669598376.9377229,8727121904.750807,1637712000000.0
737,1.0022449718047552,639424073.5065672,8741336710.959555,1637798400000.0
738,0.9979605899493754,535943824.4138718,8789657926.96122,1637884800000.0
739,1.000172128692464,875381966.2365559,8664662320.394674,1637971200000.0
740,0.9987986677496729,294871117.55259067,8672228094.648458,1638057600000.0
741,1.001637828844,674760162.5418689,8718189472.513136,1638144000000.0
742,0.9986096774223756,437950704.9926662,8746282291.467188,1638230400000.0
743,0.9980027717628792,731552736.6595726,8837878911.136414,1638316800000.0
744,1.001319489566333,683824599.1039866,8900977776.947298,1638403200000.0
745,0.9975399468525554,599784254.3168705,8895692505.190979,1638489600000.0
746,0.999703768225611,831598092.8892841,8918506251.604252,1638576000000.0
747,0.9995927005396948,1614390769.9449751,8920116847.97038,1638662400000.0
748,1.0004759565933234,778559256.6408949,8997943463.315271,1638748800000.0
749,1.0010238609330977,995880606.7890716,8929086140.709875,1638835200000.0
750,1.0029613747099249,516106814.57050335,8950982366.501915,1638921600000.0
751,1.0013557667104835,619370215.1086591,8963985217.559908,1639008000000.0
752,0.9980080078395094,707083704.6653329,8940055730.150797,1639094400000.0
753,0.9977114300893914,707061373.387682,8917234915.997774,1639094557148.0
754,0.999408562857066,712371521.1310716,8917234915.997774,1639094897152.0
755,1.0010209281298867,717788392.0016025,8917234915.997774,1639095172970.0
756,1.002165941264496,720578321.4403461,8917234915.997774,1639095482485.0
757,1.0015450889057491,731647913.2693344,8951498967.929287,1639095784706.0
758,1.0004491841216543,730971336.1092975,8951498967.929287,1639096103495.0
759,1.0007570473620222,714184529.4099157,8944455697.343172,1639096406055.0
760,1.0070469865632228,719574438.3511639,9000673220.539661,1639096661913.0
761,1.0036434713651363,751628004.2179992,9000673220.539661,1639097005719.0
762,1.0045561721384109,757148360.7280201,9000673220.539661,1639097309344.0
763,1.003966785655049,752848446.1919798,8969310812.939087,1639097551527.0
764,1.004187224996706,760575036.5447961,8969310812.939087,1639097851994.0
765,0.9979330401874952,757246198.0590588,8915406102.90494,1639098181865.0
766,0.997834343736052,758686877.7904862,8914524361.435223,1639098501483.0
767,1.0005683523121545,768963493.1844609,8914524361.435223,1639098767638.0
768,1.002098284370379,772204744.0049105,8914524361.435223,1639099105740.0
769,1.005336381809209,776132213.2396638,8952617861.522726,1639099399855.0
770,1.0036603140313831,767369956.1493374,8952617861.522726,1639099649091.0
771,1.0029805129646845,767350367.4848039,8960499578.909641,1639099943996.0
772,1.0037412003201045,768300280.8547517,8967295462.41866,1639100291594.0
773,1.003061487946759,767463656.691604,8967295462.41866,1639100532487.0
774,1.0021183263252054,767063331.4793714,8951931452.246838,1639100854721.0
775,1.002129501620019,765288485.1754775,8951931452.246838,1639101190373.0
776,1.0019928813745764,769035895.7016917,8951931452.246838,1639101453505.0
777,1.0016111907079848,763978464.0495828,8947401205.505423,1639101766055.0
778,0.9994413439316332,694379011.680725,8928017945.970585,1639102076852.0
779,0.998777480535774,692174117.6264964,8928017945.970585,1639102373881.0
780,0.9988021952261772,689116168.988914,8928017945.970585,1639102611849.0
781,0.9994244893989664,712969896.4857035,8927867384.288267,1639102947725.0
782,1.001655116863458,755704513.2571982,8927867384.288267,1639103278153.0
783,1.0015142959869183,761892674.5251957,8946535644.145761,1639103555984.0
784,1.002037290946121,754666974.5526248,8951207562.52273,1639103864916.0
785,1.0025234211656238,748438208.1022507,8951207562.52273,1639104158791.0
786,1.0020895924923254,764166930.9390643,8952194504.668617,1639104733099.0
787,1.000013751794474,755179899.959574,8933131270.232069,1639105050642.0
788,1.000527932321446,768654084.7937589,8933131270.232069,1639105440155.0
789,1.0001160153920357,768101150.9939549,8927491247.431154,1639105681212.0
790,0.9997153482114606,766297816.8357369,8927491247.431154,1639105955321.0
791,0.9991409241011536,766404325.3049158,8918787138.27699,1639106313988.0
792,0.9987428256655,775119920.9373856,8918787138.27699,1639106552979.0
793,0.9989625747964116,770537726.266975,8918787138.27699,1639106855300.0
794,0.9994433850272212,772357852.7998483,8917195111.119576,1639107180012.0
795,0.9991582751651652,771642551.4206107,8918942021.780218,1639107500930.0
796,0.9986749738825004,771093104.6094971,8918942021.780218,1639107757064.0
797,0.9992960228882778,772364046.9397738,8920171620.720255,1639108060333.0
798,1.0000586981319883,775400913.8662541,8920171620.720255,1639108383503.0
799,1.0001265454446024,775364605.0218027,8920171620.720255,1639108626212.0
800,1.0012332425797703,773047297.708755,8937464126.36359,1639108958933.0
801,1.000346172835702,771788381.598742,8929545737.642525,1639109294400.0
802,1.0001392430373683,768775356.5874113,8929545737.642525,1639109575051.0
803,1.0008973875412146,777268952.4985929,8934466131.260054,1639109837905.0
804,1.0011770264474813,781402814.4297259,8934466131.260054,1639110151406.0
805,1.0028768304917994,781130613.1383178,8952135540.952688,1639110445223.0
806,1.0030262069866471,784823777.726186,8952135540.952688,1639110769610.0
807,1.001690180396594,783636392.2384269,8941542961.51624,1639111064877.0
808,0.9992290077684052,782393760.7680557,8941542961.51624,1639111417211.0
809,0.999112820542022,785461581.3468199,8918536273.103043,1639111636830.0
810,0.9995484403815098,787432268.596904,8918536273.103043,1639111948280.0
811,0.999367374358942,787305439.0507147,8918536273.103043,1639112295099.0
812,0.9992024819905206,786986632.1737316,8919336632.04579,1639112569825.0
813,1.0001449566867484,785226259.7192051,8919336632.04579,1639112897454.0
814,0.9993817960311402,785445396.5523974,8919336632.04579,1639113148296.0
815,1.0020376889448406,797974333.7484365,8919336632.04579,1639113763920.0
816,1.0015153587990258,797879099.1992893,8944644981.157097,1639114082272.0
817,1.0012457332629834,797998936.790594,8906285190.63273,1639114357514.0
818,1.0001532323950202,789818276.1380475,8902183292.860807,1639114952821.0
819,0.9994278472212668,792590568.5837183,8902183292.860807,1639115201298.0
820,0.999437071228612,793200416.3005931,8890114723.190306,1639115594492.0
821,0.99992652773957,788150490.1274891,8890114723.190306,1639116158813.0
822,1.000720972603312,789655723.535075,8901617337.440865,1639116522905.0
823,1.0010641514620282,790156901.2694399,8901617337.440865,1639116769703.0
824,1.001264582587269,790656246.7225555,8906452859.220137,1639117061152.0
825,1.0013596839612051,792425914.0346992,8906452859.220137,1639117362688.0
826,1.0010426240592647,799208758.4296749,8906452859.220137,1639117690274.0
827,0.9999523330667288,798178742.7023482,8894780131.853683,1639117961149.0
828,0.9987973658716346,785932348.0106889,8884506462.879524,1639118238739.0
829,0.9991211853082184,791059848.5447166,8884506462.879524,1639118579076.0
830,1.0002524492967104,795397124.4741094,8884506462.879524,1639118917248.0
831,1.0000973518399967,794959529.928116,8896070103.445887,1639119134872.0
832,1.0001065381630498,799060568.5130991,8896070103.445887,1639119440948.0
833,0.997941395826788,789972614.6003205,8896151817.664728,1639119831085.0
834,0.9983366687702504,794401326.9782559,8880408468.116486,1639120037690.0
835,0.998108807347737,815261974.7985252,8880408468.116486,1639120350616.0
836,1.0009467092553088,807892028.4087577,8903625311.042023,1639120685512.0
837,0.9982464105805242,817344584.9020867,8903625311.042023,1639120983365.0
838,0.9995672824203538,819312387.9966115,8886706989.442295,1639121231273.0
839,1.0000854305928648,822172823.3788406,8886706989.442295,1639121568053.0
840,0.9993698057663104,822658547.55,8894631180.905764,1639122121030.0
841,1.0006732334796475,813960789.9839727,8897416857.830736,1639122456635.0
842,0.9989206607247164,814353573.7549243,8897416857.830736,1639122809370.0
843,0.9997684945971476,812445942.3666064,8897416857.830736,1639123337851.0
844,1.0014438821538256,821577692.2689443,8904269027.225986,1639123705029.0
845,1.0007838445396655,815779809.0215458,8904269027.225986,1639123980201.0
846,1.0004851488846025,813778063.5359486,8888961275.861767,1639124222531.0
847,1.0016709451736348,816064944.86482,8888961275.861767,1639124559407.0
848,1.0035790940560037,822798937.7371737,8888961275.861767,1639124907293.0
849,1.0031768549296396,818489010.9377456,8916449898.605335,1639125137131.0
850,1.0021438458094798,826690993.7213749,8903698218.98388,1639125444231.0
851,1.002445073480606,818890626.0827881,8903698218.98388,1639125810209.0
852,1.0018858295193376,816839754.6084648,8903698218.98388,1639126067800.0
853,1.0013352349319018,813212643.015503,8901523685.978613,1639126359328.0
854,1.002215844618693,807665820.1353203,8901523685.978613,1639126666394.0
855,1.002411299008568,813718821.3302562,8904455793.746868,1639127004449.0
856,1.0021147765766114,803447353.584878,8904455793.746868,1639127272382.0
857,1.0025845051320077,820841645.4419338,8905937119.57942,1639127668011.0
858,1.0016421032609548,819113160.8857527,8901736404.326305,1639127901471.0
859,1.0009063158522782,817511526.2420511,8901736404.326305,1639128184357.0
860,1.0002908681619378,823358433.0490559,8901736404.326305,1639128445876.0
861,0.9986063552028084,812091236.5157963,8874757277.834332,1639128757385.0
862,0.9995496781807812,816349032.5375171,8883140723.844357,1639129073805.0
863,1.0019237557877652,814513118.9877987,8883140723.844357,1639129343399.0
864,1.00191239631719,816681387.5689923,8901679107.153822,1639129681844.0
865,1.0017284654878822,816012991.8676585,8901679107.153822,1639129981656.0
866,1.0017637781002475,787012399.016909,8901679107.153822,1639130259256.0
867,1.000876516624776,811935827.3355412,8900358680.655897,1639130582389.0
868,1.0022398895396742,816626083.7876617,8900358680.655897,1639130892952.0
869,1.0022614309124518,819978543.2044538,8900358680.655897,1639131207435.0
870,1.0022110963893702,813414844.955467,8900358680.655897,1639131473512.0
871,1.0014471388769397,812465613.798799,8900358680.655897,1639131827011.0
872,1.0012784910275248,812446707.3270024,8900358680.655897,1639132062417.0
873,0.9996062947106892,810432033.6182141,8881190113.739809,1639132372441.0
874,0.9999316766446024,811386379.0882614,8881190113.739809,1639132690521.0
875,0.9997351593688624,806418755.2298986,8886040229.914518,1639132981676.0
876,0.9997453035363746,805422865.905311,8886130395.27458,1639133264802.0
877,1.000300135149289,804065101.469176,8886130395.27458,1639133568510.0
878,0.9999035189057855,799944465.1517164,8886130395.27458,1639133879111.0
879,0.9999282194347684,799469356.7886565,8887756223.891874,1639134126879.0
880,1.000393068640884,799868781.0566218,8891887986.896984,1639134477934.0
881,1.0035595988072188,804219919.059668,8891887986.896984,1639134796222.0
882,1.0035744512701636,804381832.1288075,8920165369.927486,1639135054526.0
883,1.001149293374442,803234171.0380878,8920165369.927486,1639135379106.0
884,1.0003153483567009,806620726.7011589,8920165369.927486,1639135651792.0
885,1.000607111958248,805582200.0277265,8893790488.285694,1639135984005.0
886,1.0014032446973864,805403801.1635816,8896870575.591478,1639136560917.0
887,1.0017389807809305,798963793.3809491,8902236861.831875,1639136814969.0
888,1.002215246505232,794861557.9747074,8902236861.831875,1639137112483.0
889,1.0047918897105368,809891853.3747478,8902236861.831875,1639137726829.0
890,1.006852490788544,807014270.413786,8947679515.214136,1639138059097.0
891,1.0071119834931024,809040418.2538701,8947679515.214136,1639138352722.0
892,1.0085144674354334,815599068.1844912,8962449140.888386,1639138665577.0
893,1.0105710625879565,817874395.9146534,8962449140.888386,1639138996082.0
894,1.0103879194845935,819574471.3283826,8962449140.888386,1639139247704.0
895,1.0022587397594178,825641045.782617,8906855847.042929,1639139585071.0
896,1.0019024337214886,819326377.382257,8903689432.63179,1639139926335.0
897,1.0005853609653466,769830781.7119786,8903689432.63179,1639140185437.0
898,1.000772586593528,815099393.810768,8903689432.63179,1639140492815.0
899,1.0005536069748329,789627673.7910022,8907734348.796318,1639140827631.0
900,1.0006522826752189,810159435.607986,8907734348.796318,1639141380857.0
901,0.995229215210866,886960935.3428838,8864707830.563774,1639180800000.0
902,0.999549308549804,643634920.749587,8921006868.685022,1639267200000.0
903,0.9989776215711984,385799708.9004325,8916776226.239698,1639353600000.0
904,0.9988379283201336,673074209.9905018,8860039126.748209,1639440000000.0
905,1.0026442741189496,784590559.7690232,8815157626.403595,1639526400000.0
906,0.9996574333908048,728736776.0659342,8864564743.460775,1639612800000.0
